gid,val,school,parking,home,mercantile,social,public,subway,val_2,val_3,bus_stops,drt,area,yn,total_tota,total_bus,frequency,score
다바683712,0.0000000000000000000000000000000,196.144425193913037,180.269105241910182,243.269642403747639,1093.555577870175057,5020.335441092020119,686.282621519500822,667.822722799969029,0.0000000000000000000000000000000,0.0000000000000000000000000000000,29.335653947764364,2109.640134902237151,6955.508,1,0,0,0,0.638421970236527
다바687744,0.0000000000000000000000000000000,810.837032371338637,1888.783235628634657,496.704486665434672,641.225875150697334,3341.557787405408362,733.630477100666894,608.236227973838027,0.0000000000000000000000000000000,0.0000000000000000000000000000000,304.364301265518407,349.446920830470447,2127.424,1,0,0,99,0.574823946199155
다바684707,465.0000000000000000000000000000000,287.452045463195020,372.255402334554049,379.056622129644836,691.194172213838669,4806.892674225508927,743.853680674480302,253.752772663860469,74.0000000000000000000000000000000,58.0000000000000000000000000000000,64.497567152144128,2464.140455029034001,4790.812,0,0,0,24,0.600194712067571
다바685751,0.0000000000000000000000000000000,458.115522295554229,1293.790702857917040,445.602554410691198,894.202728886077466,2933.819366137664019,985.885122780666165,462.267275332617942,0.0000000000000000000000000000000,0.0000000000000000000000000000000,65.290284914735082,79.620236114737963,2631.516,1,0,0,99,0.595480394622055
다바685750,0.0000000000000000000000000000000,555.253493719102607,1392.254553562526098,401.643021870070640,808.376435416123059,3004.512750890307416,902.516573518901737,391.415058693829451,0.0000000000000000000000000000000,0.0000000000000000000000000000000,50.935779028128891,44.029672638857733,2514.247,1,0,0,99,0.591675013711286
다바662674,375.0000000000000000000000000000000,155.647236974909902,259.318791298713109,369.547220157534184,1124.045086286731475,1932.380703208587875,250.104741718261721,1206.321202243722837,44.0000000000000000000000000000000,38.0000000000000000000000000000000,62.487721307127536,4612.966012100625449,4121.167,0,0,0,0,0.568366309819826
다바665794,0.0000000000000000000000000000000,566.187999536673487,699.486640387509397,487.122931354443494,653.800863352292254,1586.344326393972324,3694.373442755506403,399.663644145394699,0.0000000000000000000000000000000,0.0000000000000000000000000000000,197.901776078638875,2109.505190262024826,5211.140,0,0,0,0,0.597622440322354
다바692690,0.0000000000000000000000000000000,281.626220509051336,183.998608094356740,275.325226867466540,3.644760814508901,3350.949503113986339,397.706709254387533,1261.658824474764970,0.0000000000000000000000000000000,0.0000000000000000000000000000000,57.821538533615779,4171.216307279541979,4493.568,1,15603,2058,47,0.618491255697699
다바651671,0.0000000000000000000000000000000,69.021178591181524,115.940795818878883,284.502665365522944,289.783684403171492,1197.214455408607591,137.543878330396694,1401.639724803350418,0.0000000000000000000000000000000,0.0000000000000000000000000000000,31.498725862362772,5049.296131679080645,5506.527,1,0,0,2,0.611330376433454
다바675800,386.0000000000000000000000000000000,138.889493766668551,237.373982337672970,15.387375216884008,557.376970525112370,2058.305264196449116,3479.998684037925159,819.923333667077259,131.0000000000000000000000000000000,14.0000000000000017763568394002505,96.892320983448855,2905.692437978269481,4176.957,0,0,0,0,0.570851783922537
다바730748,0.0000000000000000000000000000000,98.019944835677407,1733.532963500361575,313.810471946128587,525.648017898897137,2761.178956390281655,1609.788994400755655,4799.429535007768209,0.0000000000000000000000000000000,0.0000000000000000000000000000000,222.771945914129645,3581.831824339320519,3282.465,1,14389,365,78,0.595418516151257
다바672697,0.0000000000000000000000000000000,473.136953698606931,437.474775892060563,642.242732442382135,897.712639129581589,3259.595249964293089,534.734241326999950,1715.131596986182103,0.0000000000000000000000000000000,0.0000000000000000000000000000000,107.283046755138869,2475.575698044136061,4079.171,1,0,0,16,0.564908252845752
다바700682,23.0000000000000000000000000000000,292.205294159473851,667.286736436213005,162.097799911425255,804.568772726964994,2225.645982495788303,209.877437590032997,1599.217041278560600,9.0000000000000000000000000000000,0.0000000000000000000000000000000,342.372414677316669,5302.385839620649676,4289.148,0,25330,449,99,0.664708109686835
다바652722,0.0000000000000000000000000000000,311.530684762547821,876.893426476899322,358.638195351593993,3444.622647324597438,4220.576237294701968,751.054315098364441,3785.332881712637118,0.0000000000000000000000000000000,0.0000000000000000000000000000000,287.750618912587413,662.521433592844005,6906.365,1,0,0,43,0.665276843847405
다바652682,7.0000000000000008881784197001252,488.495274962857366,101.009437680248453,569.875889307222678,91.699064083062822,828.543128718060188,152.308619492611143,2227.947313471949201,0.0000000000000000000000000000000,0.0000000000000000000000000000000,109.650281681156585,3949.258958134837030,4784.460,1,0,0,59,0.634290067103196
다바733649,0.0000000000000000000000000000000,1378.639507850448126,2482.201884751845682,608.903623620187545,3060.104620429440729,2475.404934690726805,2622.326055698449181,5796.641940602004070,0.0000000000000000000000000000000,0.0000000000000000000000000000000,526.928378392040372,9869.628843565931675,3974.557,1,19283,221,60,0.570947288442467
다바690666,173.0000000000000000000000000000000,634.163729791486617,369.787540840927761,266.799615479072088,212.375281142740619,2087.207013429046128,384.120020511061909,1532.570550011782188,46.0000000000000000000000000000000,8.0000000000000000000000000000000,7.892738243965784,6041.530651608827611,3660.656,1,4841,205,39,0.577375790170239
다바676697,8.0000000000000000000000000000000,276.497629139748994,204.771948282868408,821.193957778602226,589.489004733923707,3610.837601537660703,616.704579812632119,1395.440331751829035,0.0000000000000000000000000000000,0.0000000000000000000000000000000,101.044464918044355,2645.250924172305531,4733.312,1,0,0,20,0.588007141734556
다바686659,95.0000000000000000000000000000000,170.165710112770967,649.122132117083083,502.024403363702220,984.069253759283242,1798.113472404577124,743.332396627137314,1592.118380984785517,11.0000000000000000000000000000000,8.0000000000000000000000000000000,123.112915494199598,6525.135904268254308,4555.682,1,4841,205,39,0.602734954208563
다바667693,47.0000000000000000000000000000000,306.626475370979563,318.067749646384755,54.939515768857447,1534.295589754721505,2627.888781676675535,307.038577609205049,2140.160229056700246,9.9999999999999982236431605997495,0.0000000000000000000000000000000,148.683424248066530,2738.909620240640834,4569.388,1,0,0,17,0.586184806446637
다바655672,468.0000000000000000000000000000000,141.130145641743923,424.263544374510957,488.472094171886738,578.436368381219609,1408.786337524098599,293.607785423611688,1208.372819601186620,29.0000000000000000000000000000000,71.0000000000000000000000000000000,122.919418817986738,4879.912270970848112,6164.472,0,0,0,0,0.640078729155591
다바716723,53.0000000000000000000000000000000,1758.061067757161709,1477.233990858323523,846.411818435729742,2150.816378815392909,4519.260706978200687,2493.280748153486456,3397.437332384376532,19.9999999999999964472863211994991,0.0000000000000000000000000000000,20.043782682565197,3085.598050184602926,3694.505,1,14389,365,78,0.587922146018431
다바668657,0.0000000000000000000000000000000,204.319766367280124,684.173904578642919,453.341426120052859,661.573466925239018,3328.662938363652302,642.816406721596081,801.001729690003117,0.0000000000000000000000000000000,0.0000000000000000000000000000000,51.043211611550745,6330.250707614648491,4599.676,1,13400,481,46,0.609953764313671
다바737765,0.0000000000000000000000000000000,1553.557189448939425,262.618956741178920,226.538511331393607,2205.816513656955067,2630.283206480691206,371.323980755881678,5771.617986316744464,0.0000000000000000000000000000000,0.0000000000000000000000000000000,55.573311038061760,4207.732161975632152,4247.561,1,0,0,61,0.586375968194742
다바677697,84.0000000000000000000000000000000,95.096271665121805,233.598787708755083,888.724064893790000,531.883081855862656,3700.195255989927318,665.627053401714079,1322.364567963190439,6.0000000000000000000000000000000,0.0000000000000000000000000000000,86.934404465605056,2695.286961643670566,4262.178,1,0,0,26,0.579383048494709
다바678697,71.0000000000000000000000000000000,95.096271665121805,274.657396374892699,961.925886308606664,488.161795746849350,3790.084653437502766,654.224964974370209,1253.013320651179583,6.0000000000000000000000000000000,0.0000000000000000000000000000000,29.259432532670221,2748.052248298474296,4839.247,1,0,0,26,0.596935383273895
다바700664,39.0000000000000000000000000000000,393.939326493156670,470.467798352935915,588.032178314556745,1064.931626893751172,1361.941306672227256,465.836781141627000,2265.344170649041644,9.9999999999999982236431605997495,0.0000000000000000000000000000000,225.989405931907100,6713.934016061532020,4452.444,1,20932,402,100,0.662579157963048
다바642669,627.0000000000000000000000000000000,326.713794261213366,275.370537927541704,524.577669288683524,251.635148424203891,1173.589672482142987,156.822389207035911,2092.213200886132654,26.0000000000000000000000000000000,96.0000000000000000000000000000000,136.193114021491681,5466.057587082525060,4960.774,1,0,0,0,0.602943350825582
다바729744,0.0000000000000000000000000000000,545.231837221385604,1524.730866212265710,682.293064144740697,247.970408628438719,3000.530366394195426,2005.793082108298222,4711.979847302306553,0.0000000000000000000000000000000,0.0000000000000000000000000000000,71.449469925714993,3584.439769275134950,4349.363,1,14389,365,78,0.625048293891759
다바679667,72.0000000000000000000000000000000,212.913489331312974,817.823904249844077,647.357288075297106,1099.342519871618833,2851.609011742882103,792.939467673854097,531.374172474063243,26.0000000000000000000000000000000,0.0000000000000000000000000000000,34.194967620552177,5543.317401416575194,4636.466,1,14887,791,13,0.593669500286044
다바700662,404.0000000000000000000000000000000,333.308120953850448,613.853045225372057,723.312992900378731,1138.291567271009853,1382.242187687209025,613.495655845417218,2412.014993730350398,60.0000000000000000000000000000000,50.0000000000000000000000000000000,32.899104252678605,6881.971650043900809,3450.695,1,20932,402,100,0.637595006698460
다바663695,0.0000000000000000000000000000000,337.144205221520906,133.219251843085004,173.623803666068198,1443.503713595012641,2397.697116131892926,263.696885426455992,2581.368212141014737,0.0000000000000000000000000000000,0.0000000000000000000000000000000,137.581918859139478,2511.598031688025912,4016.093,1,0,0,14,0.566052487270377
다바683667,18.0000000000000000000000000000000,575.762327546827464,760.090361232483019,355.994022519112775,726.464022635909714,2572.148381859951314,653.531412286486557,869.852560147307031,6.0000000000000000000000000000000,0.0000000000000000000000000000000,232.553974194108605,5670.735863001867983,6391.001,1,14887,791,13,0.649962837606254
다바682667,0.0000000000000000000000000000000,396.275429807322496,759.556446273062988,455.893765275314877,825.419506515214721,2639.105712678420787,706.029466340831732,779.789865982651918,0.0000000000000000000000000000000,0.0000000000000000000000000000000,151.067460044612886,5636.490563654268044,7923.197,1,14887,791,13,0.698776542255261
다바664666,306.0000000000000000000000000000000,497.753855550661683,140.916769526201961,389.333285121071015,446.300646723946443,2489.042519914633885,503.752389883540047,466.802935881317978,50.0000000000000000000000000000000,41.0000000000000000000000000000000,247.265352417905461,5412.244397314181697,5231.404,0,0,0,0,0.597276523339077
다바681667,0.0000000000000000000000000000000,315.911689388659909,766.526348430021244,555.829565932282208,924.599776815511518,2708.100926309614806,768.018168950363929,692.460102665604836,0.0000000000000000000000000000000,0.0000000000000000000000000000000,107.523969677403926,5603.820707373824916,6769.991,1,14887,791,13,0.661200528277781
다바727741,0.0000000000000000000000000000000,904.077744804307713,1302.520762472989190,1042.656776399050841,424.280494142286614,3137.104229801836937,2365.082194362566042,4545.507776860048580,0.0000000000000000000000000000000,0.0000000000000000000000000000000,61.298030705827983,3502.287600934026614,2644.162,1,14389,365,78,0.566019238416281
다바701657,0.0000000000000000000000000000000,69.965465699613091,655.067384340014314,406.293301594161562,866.020523735573079,940.878330317474479,318.777233003550236,2865.413510546159159,0.0000000000000000000000000000000,0.0000000000000000000000000000000,174.537600132744473,7360.048416670199003,1395.120,1,20932,402,100,0.565242150208823
다바676667,32.0000000000000000000000000000000,266.203141202490485,683.990685379613410,501.730518566862145,808.720864772179880,3078.712222507092065,586.161614404244460,369.654957028508989,9.9999999999999982236431605997495,0.0000000000000000000000000000000,57.635061263820347,5465.044350371917972,4563.926,1,14887,791,13,0.590968755138732
다바694659,409.0000000000000000000000000000000,205.486729833832669,322.456071640921607,132.391134966874773,637.289487016284511,1281.311337866771964,513.724210727229547,2218.876037437484229,117.0000000000000000000000000000000,28.0000000000000035527136788005009,136.154332345773128,6846.543171509702916,4545.538,0,0,0,0,0.578042083360268
다바700660,245.0000000000000000000000000000000,133.308120953850448,782.490366060737301,625.124444683138563,980.578377581982636,1234.974205767403419,633.392368457347857,2565.901098730511876,23.0000000000000000000000000000000,24.0000000000000000000000000000000,26.528140525875113,7051.677645212365860,2854.015,1,20932,402,100,0.616025614004528
다바694648,0.0000000000000000000000000000000,391.312179404467372,287.334211681313604,313.616700793238351,408.444913872940390,595.685241535024602,337.058104202246341,2946.281726228260140,0.0000000000000000000000000000000,0.0000000000000000000000000000000,78.371472980464020,7844.143319014209737,4255.540,1,5589,97,37,0.592352564633581
다바719732,0.0000000000000000000000000000000,1125.774472910149143,1063.502366999940477,1041.115306422927006,1444.025232458913706,3681.092392952245063,2589.342745045489664,4009.818484539804558,0.0000000000000000000000000000000,0.0000000000000000000000000000000,159.830090210358861,3082.230352894302541,3194.457,1,14389,365,78,0.578558857579532
다바726740,0.0000000000000000000000000000000,992.445264512872882,1209.826629844661738,1165.292103879307206,556.171644048491885,3174.358609222417272,2501.499843785186840,4462.211002001901761,0.0000000000000000000000000000000,0.0000000000000000000000000000000,176.374160123771588,3452.675278587749744,2665.934,1,14389,365,78,0.565415036279927
다바682715,0.0000000000000000000000000000000,44.843210223971411,171.728149299177204,190.201273232065773,1362.560649064551853,5138.577594793407116,592.970568249785288,978.972669848375517,0.0000000000000000000000000000000,0.0000000000000000000000000000000,287.147276575669764,1793.538661867499741,4965.108,0,0,0,0,0.574253577784353
다바667749,0.0000000000000000000000000000000,1142.355387603152167,1354.667485301783245,1388.728945306315836,1482.314326004478289,3104.059072063982967,1425.820312786417844,1508.577140431071939,0.0000000000000000000000000000000,0.0000000000000000000000000000000,294.501592104035410,283.600153710062045,5073.661,0,0,0,0,0.584913895929062
다바660654,0.0000000000000000000000000000000,312.030122713842161,486.610096373110650,206.240126699674391,206.244328942903593,3111.930535415804115,91.416856206972227,811.957294849701043,0.0000000000000000000000000000000,0.0000000000000000000000000000000,256.314178668708564,6619.007094802819665,5667.789,1,5083,113,3,0.605349653381895
다바648675,0.0000000000000000000000000000000,162.791083441563018,115.764323977945239,100.907432967400567,277.233202653039427,697.216045992961313,224.928992142796858,1892.367559648938141,0.0000000000000000000000000000000,0.0000000000000000000000000000000,171.493091400160694,4720.010326965752938,4177.428,1,0,0,65,0.620342263446345
다바668713,456.0000000000000000000000000000000,271.009674989152700,193.357865566982355,118.095180289096419,1638.149034675012899,4042.584102522745525,118.095180289096419,1962.057703619159838,9.9999999999999982236431605997495,122.0000000000000000000000000000000,112.535481402508580,861.746518310502438,3529.441,0,0,0,53,0.588088553435447
다바675783,179.0000000000000000000000000000000,579.597863499125992,1535.128763950847997,216.490895554895133,1656.308423503552149,462.096322147963178,4065.519467144989903,1625.793572846466532,43.0000000000000000000000000000000,11.0000000000000000000000000000000,43.295421107849130,1440.039371101190227,4731.414,1,0,0,6,0.595213405579968
다바681634,0.0000000000000000000000000000000,930.431682080478822,513.599335206682554,598.187794848114095,1858.362008986963474,2335.178176154680841,996.378258567281136,3396.107321683711689,0.0000000000000000000000000000000,0.0000000000000000000000000000000,374.430926766208756,8794.833685184672504,3984.230,1,9097,132,67,0.585561632073139
다바671674,135.0000000000000000000000000000000,90.372892022365718,719.255251035074252,381.520455035198950,973.165439503890411,2795.311415939548169,557.701857567293814,531.850833706736466,21.0000000000000000000000000000000,0.0000000000000000000000000000000,36.143409715967167,4678.079692859339048,4084.016,1,0,0,17,0.569798189550438
다바673707,0.0000000000000000000000000000000,103.285528834909201,226.279023820299926,701.746803244242528,865.057106217324531,3934.457136128133698,135.874104003077548,1345.010344667121217,0.0000000000000000000000000000000,0.0000000000000000000000000000000,17.896225644034779,1640.906850073899705,4310.199,1,0,0,19,0.576433192711018
다바679681,26.0000000000000000000000000000000,425.704018745037388,295.346206374995063,544.947393245452417,85.315954703697699,3516.720973367987426,350.505831305895981,518.511368869660600,13.0000000000000000000000000000000,0.0000000000000000000000000000000,163.526788904748940,4220.900504985747830,3696.404,1,0,0,46,0.574663631629726
다바697648,0.0000000000000000000000000000000,352.401813903590210,188.035009505878435,230.408312779906339,580.807138017664215,296.725317122250885,105.087171330645248,3147.425890187619189,0.0000000000000000000000000000000,0.0000000000000000000000000000000,144.094723710489291,7966.946872582435390,5470.217,1,10929,404,100,0.687430459642153
다바668793,13.0000000000000000000000000000000,380.385014307569918,558.772939655610116,495.663903498194372,587.450194806441573,1386.326732358121262,3861.044196651375842,436.025049395748908,7.0000000000000008881784197001252,0.0000000000000000000000000000000,59.553279925807530,2039.349895298056026,3296.175,1,0,0,36,0.566139509036134
다바652675,218.0000000000000000000000000000000,54.773058743914589,215.010391091516027,426.408281152595237,585.638400712046860,989.594465363728659,318.722730137417727,1626.480469454604872,19.0000000000000000000000000000000,32.0000000000000000000000000000000,176.804101965393386,4638.230728031302533,4199.392,0,0,0,0,0.573826278073513
다바700657,0.0000000000000000000000000000000,66.691879046149552,602.853221521557998,428.806622393796772,781.199941290861602,934.977912492114456,374.392080046842864,2807.649662296933911,0.0000000000000000000000000000000,0.0000000000000000000000000000000,211.739552621141087,7309.110297564100620,4397.853,1,6739,330,45,0.604245420057077
다바668675,125.0000000000000000000000000000000,141.979351732414216,621.682668102112530,111.487986127257102,1034.056791524217033,2480.331665369045822,444.238070195238890,834.021053722895317,12.0000000000000000000000000000000,0.0000000000000000000000000000000,116.803961936732790,4537.671169381625987,3901.266,1,0,0,19,0.567755347189458
다바670686,115.0000000000000000000000000000000,358.381302035622639,466.251968082105179,476.085982416575689,1096.265341918945524,2671.797743451229508,890.400385808570036,1527.904480460623063,15.0000000000000000000000000000000,9.9999999999999982236431605997495,31.460836480371473,3479.865994415871683,4346.348,1,0,0,19,0.579165049634855
다바690677,19.9999999999999964472863211994991,149.528470461722463,238.294316221780406,337.597575784141327,353.805429548851521,2676.849505517995567,495.496090490785434,667.529654088917027,11.0000000000000000000000000000000,0.0000000000000000000000000000000,133.228048327845841,5079.828895193209974,3581.912,1,4955,182,53,0.584729784060493
다바722686,0.0000000000000000000000000000000,1363.159831612173321,2691.179689215720828,948.010689116033291,2559.094841612140954,2317.764358118515247,2379.025267520974467,3833.377888113713198,0.0000000000000000000000000000000,0.0000000000000000000000000000000,408.206306712701860,6112.001468902484703,8216.974,0,0,0,0,0.660156675821718
다바653694,0.0000000000000000000000000000000,572.270952170721898,335.505555089072061,354.185416257509246,695.464499073961065,1624.134994857036190,336.333702421319856,3218.287373576039954,0.0000000000000000000000000000000,0.0000000000000000000000000000000,76.856276767600377,2755.482081543338154,6586.806,1,0,0,24,0.659514656342650
다바651695,0.0000000000000000000000000000000,433.802202118447383,162.056600141175949,177.134517808894003,757.124610278908676,1609.158316462927360,135.861637677247273,3429.091814017677279,0.0000000000000000000000000000000,0.0000000000000000000000000000000,61.469589107427517,2714.796197155581012,3894.415,1,0,0,24,0.574100196921067
다바652695,0.0000000000000000000000000000000,433.802202118447383,251.651284406080578,268.645060467571057,767.534874427674595,1656.106045884115019,195.151938579725908,3359.649075464374619,0.0000000000000000000000000000000,0.0000000000000000000000000000000,64.659872487674548,2684.919010331226218,4355.542,1,0,0,24,0.588448930989625
다바731743,0.0000000000000000000000000000000,498.424079442599464,1709.710934747228748,699.929950723394199,50.591368298589707,3202.634358802630686,2010.802855297809401,4919.545311366321585,0.0000000000000000000000000000000,0.0000000000000000000000000000000,174.256450076598469,3805.529303806251392,6072.823,0,0,0,0,0.602587443044916
다바645697,0.0000000000000000000000000000000,541.930632789786046,547.290613265815296,509.555309564861716,1113.834400429499738,1644.976900671448220,556.671039241311746,3883.154122211712092,0.0000000000000000000000000000000,0.0000000000000000000000000000000,252.052289183435533,2787.050192042328490,5784.550,1,0,0,24,0.629794399741439
다바661729,0.0000000000000000000000000000000,813.866663670441199,942.939012833065931,837.019152277032617,2423.091214496734665,5136.158196067673089,1544.221075505138515,2797.700386135888948,0.0000000000000000000000000000000,0.0000000000000000000000000000000,87.182370985903361,84.878193182260219,6445.760,1,0,0,26,0.632810010990015
다바655700,0.0000000000000000000000000000000,445.474662271075033,444.492067408645312,807.547345081456001,1327.885995557222031,2239.067883263952353,583.018896931341260,3204.959811948557217,0.0000000000000000000000000000000,0.0000000000000000000000000000000,205.602406840755521,2125.724968869889381,4678.835,1,0,0,37,0.603149320505263
다바691667,0.0000000000000000000000000000000,560.822555722707875,331.745155317755291,246.133593041919710,138.603361332120926,2131.781879838520581,372.784689825889814,1484.403715888834085,0.0000000000000000000000000000000,0.0000000000000000000000000000000,61.874931446795216,5997.916309695477139,5952.073,1,6817,501,54,0.661081865410786
다바731744,258.0000000000000000000000000000000,464.947517308415570,1722.090483487316988,602.830885312816690,150.535020045218602,3125.521657228445747,1918.513901369861742,4911.457152033142847,33.0000000000000000000000000000000,15.0000000000000000000000000000000,131.241118284293663,3775.465478780412013,6046.860,0,0,0,0,0.609164622363997
다바700696,0.0000000000000000000000000000000,202.647990516737025,617.913399154034096,527.360294984187021,750.050265959811895,3441.443685604017446,645.560694532564639,1701.798888341308839,0.0000000000000000000000000000000,0.0000000000000000000000000000000,208.695032842131297,4263.572202485966955,4241.771,1,20053,520,97,0.648733994976379
다바661715,0.0000000000000000000000000000000,389.026377822470920,220.801462769216101,204.871936382618429,2305.021187553586515,3845.224049973988258,759.865822582135138,2688.699785154308302,0.0000000000000000000000000000000,0.0000000000000000000000000000000,73.146004290595329,554.479725000755707,5884.749,1,0,0,29,0.630479636145098
다바658673,623.0000000000000000000000000000000,157.735970276578826,227.166219147231317,265.475344689417568,877.192812413410024,1607.090131130697273,183.050037455582611,1166.035972849307882,34.0000000000000000000000000000000,93.0000000000000000000000000000000,126.367261213894722,4739.503130466076982,4053.276,0,0,0,0,0.575305642635666
다바701700,19.9999999999999964472863211994991,486.140599539098616,935.268370185457570,221.156423526256930,1155.810641912754363,3777.544303916311492,956.346781839041228,1586.160971637836838,0.0000000000000000000000000000000,0.0000000000000000000000000000000,84.604840936120667,3911.661296237738043,2895.693,1,7365,326,97,0.588979089810001
다바690672,121.0000000000000000000000000000000,288.674259437822400,375.581795337899621,390.895656049644685,388.784469522540178,2480.886259322987826,400.599019508115532,1005.323895719253301,16.0000000000000000000000000000000,15.0000000000000000000000000000000,44.622959198012005,5510.555430661183891,3010.267,1,6817,501,54,0.570033705987373
다바657671,355.0000000000000000000000000000000,295.565378412601433,335.233255706246325,278.947848362144043,691.655468830238078,1628.834840882287381,216.513537930529509,1020.377147531834680,44.0000000000000000000000000000000,27.0000000000000000000000000000000,68.897228720163824,4949.777206087728700,3883.041,1,0,0,14,0.573253664047109
다바737766,279.0000000000000000000000000000000,1651.044792392049203,250.459125351273428,175.043611057894509,2303.839216883051904,2621.146417107457637,463.949313567742252,5802.763088878098642,33.0000000000000000000000000000000,19.9999999999999964472863211994991,139.081425644357751,4206.190855005118465,5981.602,0,0,0,0,0.601267649617411
다바657670,498.0000000000000000000000000000000,302.058619073126465,382.737969477420222,297.635990023504633,656.288840060024427,1689.654827888008867,143.239307669975830,932.728420767100147,59.0000000000000000000000000000000,43.0000000000000000000000000000000,39.549295711217077,5049.020330707291578,4507.464,1,0,0,14,0.596526170559916
다바668671,943.0000000000000000000000000000000,51.091726335111645,297.412816149598768,265.789173915935294,634.259718701931092,2599.878297991139334,161.456327908762916,708.401713318135535,179.0000000000000000000000000000000,87.0000000000000000000000000000000,155.233792796016445,4935.555417721179765,4248.053,0,0,0,0,0.584346727485149
다바698667,116.0000000000000000000000000000000,575.551469886579753,171.854251632808996,280.280589716734767,790.088091868400738,1582.994025501668375,211.404151485080973,1912.417348100357458,46.0000000000000000000000000000000,0.0000000000000000000000000000000,127.217667744242107,6353.387721091364256,4183.358,1,11131,253,37,0.598651717320748
다바672627,0.0000000000000000000000000000000,1032.653974419830547,905.142452364109090,831.324986122215478,2948.552009230761996,3474.837316920047670,1163.122341042133257,3642.852044582173676,0.0000000000000000000000000000000,0.0000000000000000000000000000000,403.846067173146139,9353.625432742166595,5327.200,0,7281,44,31,0.584239613966973
다바655671,280.0000000000000000000000000000000,130.978821408818476,384.344686653113854,478.936600434828620,516.639512901026478,1471.906737306339664,199.611920525645900,1126.489083325891215,15.0000000000000000000000000000000,36.0000000000000000000000000000000,29.540603820746124,4978.539512985889814,5328.164,1,0,0,47,0.644643574579001
다바644688,431.0000000000000000000000000000000,329.013138495085400,535.403484453791975,96.712301738746007,673.019885247366346,741.030864923722788,82.373089814893888,3149.937309850273778,23.0000000000000000000000000000000,94.0000000000000000000000000000000,18.038312325569638,3627.113792053217367,4913.905,1,0,0,0,0.603540328143869
다바685779,0.0000000000000000000000000000000,1288.783850032602004,1484.650936069022464,879.323128449873366,2497.511631852050868,1321.795431083930907,3674.248515132155262,2548.552304725925751,0.0000000000000000000000000000000,0.0000000000000000000000000000000,60.031293389617673,1624.604339626875799,4643.421,1,0,0,0,0.568286902152240
다바688739,0.0000000000000000000000000000000,558.786260171371850,1648.249953697730916,458.487850002791333,303.588616073430728,3684.585992138955135,795.549761133471179,1037.956414355304332,0.0000000000000000000000000000000,0.0000000000000000000000000000000,141.276591014385076,143.621495045178051,4998.630,1,0,0,99,0.666394348277659
다바690732,0.0000000000000000000000000000000,538.430795162572508,951.151861543612654,790.167545642021764,494.598596823496280,4151.836404324064461,325.349832898798695,1741.727244225605091,0.0000000000000000000000000000000,0.0000000000000000000000000000000,65.027915094184380,527.891266548218596,2910.076,1,0,0,99,0.592768655234553
다바663728,0.0000000000000000000000000000000,468.426019475018450,730.664144502681779,656.875925287575910,2328.024804518653127,5113.564804430525328,1383.617454964929721,2721.451715498218164,0.0000000000000000000000000000000,0.0000000000000000000000000000000,238.579523725172493,236.081864610660745,8461.122,0,0,0,0,0.680093872997906
다바659743,0.0000000000000000000000000000000,1381.702070780007261,415.379843703481583,1915.634450338533952,2163.950402443272651,3883.695956342123736,486.189965324616026,2343.984678940231788,0.0000000000000000000000000000000,0.0000000000000000000000000000000,130.153705889347322,133.179568102776102,3386.157,1,0,0,97,0.596475718009971
다바659742,0.0000000000000000000000000000000,1478.402042318907661,320.458939289131877,1837.123302116907553,2167.153729024125369,3978.246105069881651,493.150659757194035,2365.117098461594651,0.0000000000000000000000000000000,0.0000000000000000000000000000000,48.629969041731862,36.978899720786949,3815.286,1,0,0,97,0.609687433849857
다바687712,0.0000000000000000000000000000000,159.909522013871225,443.554447392501402,396.828637645729088,1271.799161086437380,5338.253921665123926,473.254039376495882,575.816388779658951,0.0000000000000000000000000000000,0.0000000000000000000000000000000,214.175690703991251,2258.845504468469244,5620.664,1,0,0,0,0.592832289408822
다바651693,172.0000000000000000000000000000000,344.578645610455510,174.932856165682750,190.640647089435561,557.329015540671662,1432.847334683029658,330.573374638969199,3284.922019883294524,6.0000000000000000000000000000000,39.0000000000000000000000000000000,142.764700754468237,2905.263811004429499,4015.360,0,0,0,0,0.565048375740415
다바692695,178.0000000000000000000000000000000,326.482379095456849,291.739912626193870,225.294809037956298,501.861809716530615,3746.943983557026968,145.394497304103254,1257.126325094463709,27.0000000000000000000000000000000,19.0000000000000000000000000000000,205.632749430890868,3825.896748759064394,5011.662,0,0,0,0,0.583976276735978
다바680695,258.0000000000000000000000000000000,135.820214697154057,358.421522507430666,1021.982227953209190,657.038730404096100,3892.941840412359852,486.227402469725860,1297.549468709252096,49.0000000000000000000000000000000,9.9999999999999982236431605997495,127.055465748433789,3025.037799251771503,4502.394,0,0,0,0,0.568552143839490
다바680708,318.0000000000000000000000000000000,210.856985896480381,243.092822449536698,734.870278040882340,644.083401667330122,4537.752713833267080,741.446806848716164,665.891398991571123,30.0000000000000000000000000000000,41.0000000000000000000000000000000,203.188958549022630,2076.246338234711857,5232.060,0,0,0,0,0.593872685114065
다바665725,0.0000000000000000000000000000000,190.963151441228888,428.373356280375219,313.354199040850006,2399.119802993277517,4919.413582964387388,1348.867467694425841,2818.599094878373762,0.0000000000000000000000000000000,0.0000000000000000000000000000000,3.060553845872186,4.845768277177356,4111.757,1,0,0,29,0.566529598484567
다바682680,0.0000000000000000000000000000000,321.228722050863269,342.086230780468100,861.145336854161656,68.140799848296098,3525.643085270804022,38.650710788042879,212.047116376120613,0.0000000000000000000000000000000,0.0000000000000000000000000000000,46.799014109879842,4432.828785808747853,5500.104,1,0,0,64,0.646256151816250
다바656706,0.0000000000000000000000000000000,683.930562407675666,457.189945405781145,389.107598611565493,1930.549004026853709,2817.044327382309802,495.627511088167694,3043.148203427493172,0.0000000000000000000000000000000,0.0000000000000000000000000000000,148.473526509365939,1518.571725306305098,6390.910,0,0,0,0,0.627053080663071
다바680684,46.0000000000000000000000000000000,223.606904161615233,321.693929918388847,625.314023075792306,386.009586123138888,3632.510379434408151,459.312681508537935,563.474775071452768,19.9999999999999964472863211994991,0.0000000000000000000000000000000,80.062228744429774,3985.760240755973427,3665.643,1,0,0,46,0.573652835528878
다바700640,0.0000000000000000000000000000000,403.788768424981356,979.994834875113611,414.601757874847124,1383.744302007092983,765.055994786904876,205.314011940758547,3945.185318448059206,0.0000000000000000000000000000000,0.0000000000000000000000000000000,118.516400490304292,8818.865902812345666,2546.048,1,15215,366,96,0.583705020354271
다바674784,412.0000000000000000000000000000000,515.460430583581001,1413.669973204878261,133.547185110356651,1530.384697935495979,485.966378627362872,4177.528355657165775,1490.788743867116864,74.0000000000000000000000000000000,19.0000000000000000000000000000000,119.620722283101358,1460.952433469310108,5095.753,0,0,0,0,0.608735304481269
다바667660,562.0000000000000000000000000000000,44.584850872401155,469.271163611097791,715.830365701428718,482.935523803926230,3099.387988048401894,463.645864641219930,564.862359947556911,78.0000000000000000000000000000000,46.0000000000000000000000000000000,143.483079269931324,6023.945462694203343,5124.542,0,0,0,0,0.594674320348962
다바712705,0.0000000000000000000000000000000,22.529833921464160,660.918879946577817,159.962514816714645,2197.397118051740563,4063.931931557123789,2134.154536563481088,2560.124083105797581,0.0000000000000000000000000000000,0.0000000000000000000000000000000,185.157793730661268,3981.102588243572882,6541.523,0,0,0,0,0.614675257334211
다바673657,0.0000000000000000000000000000000,48.883550466009424,711.364862599191156,188.720661031317348,901.129710371531360,2852.251502813202933,512.997516385917038,1233.727458496555073,0.0000000000000000000000000000000,0.0000000000000000000000000000000,84.722543036199511,6388.127330455727133,4662.332,1,0,0,0,0.564888115413337
다바694600,0.0000000000000000000000000000000,443.289170365084487,2098.855292255392669,1712.876840519164261,5013.254083133717359,4801.999524570901485,3650.963252391409696,6985.873369202836329,0.0000000000000000000000000000000,0.0000000000000000000000000000000,408.805315861856968,12401.675535537582618,8284.618,0,34140,1289,48,0.682033071102929
다바679651,0.0000000000000000000000000000000,189.965924963355064,483.907165635225454,407.759556675202020,1148.525320179508071,2121.271662199837010,1085.764721130294447,1996.828983335473367,0.0000000000000000000000000000000,0.0000000000000000000000000000000,216.187742466091890,7091.216988125982425,4927.759,1,5647,172,11,0.585349064235657
다바675731,0.0000000000000000000000000000000,96.647589528393127,453.388846257269449,370.193938162548420,1320.725117703585511,4877.255186384015360,210.627674484631513,1790.446577267324074,0.0000000000000000000000000000000,0.0000000000000000000000000000000,97.925419262812269,92.851148067336155,4745.842,1,0,0,19,0.587837867287248
다바688678,36.0000000000000000000000000000000,221.061648634029581,86.516420578384739,473.245574390719355,269.389775609821015,2900.382488525975077,423.897218879982404,444.053892445619226,14.0000000000000017763568394002505,0.0000000000000000000000000000000,22.902449698019122,4890.594134346672945,3640.829,1,5718,422,46,0.581880304541500
다바696766,0.0000000000000000000000000000000,829.052628939734859,214.155020747749091,398.882157163149429,2661.015728185709122,1140.557530416020427,2844.115795960220566,2321.440356916387827,0.0000000000000000000000000000000,0.0000000000000000000000000000000,97.912680792099906,107.197142963612578,4734.854,1,0,0,0,0.583362770984460
다바696666,7.0000000000000008881784197001252,381.853767368449610,93.161376182915674,163.356862572790078,619.434376452921242,1768.692944502362025,59.205821973962649,1847.961106763253156,0.0000000000000000000000000000000,0.0000000000000000000000000000000,50.446530021985581,6331.145926051663082,3790.008,1,6923,458,27,0.571979367474782
다바698705,0.0000000000000000000000000000000,258.924018844296199,1158.818146985438261,367.012930730737139,1575.757697491809949,4350.562328634183359,942.113616635248150,1163.922113008775113,0.0000000000000000000000000000000,0.0000000000000000000000000000000,208.974884857231189,3343.644865367405600,3844.403,0,34912,1071,77,0.632495222240556
다바698704,0.0000000000000000000000000000000,250.983291105600074,1122.800450718237471,279.718250070650583,1476.166076735044271,4257.375629026880233,896.801519212193625,1179.032007638119239,0.0000000000000000000000000000000,0.0000000000000000000000000000000,111.045937777224054,3439.488089096549174,3755.875,0,34912,1071,77,0.630576357087145
다바698709,0.0000000000000000000000000000000,527.207047344635384,1033.563893312604478,748.681012800161966,1972.508211966406407,4726.094993768782842,1106.951658643368546,1188.741992870346394,0.0000000000000000000000000000000,0.0000000000000000000000000000000,507.318629599329029,2963.020699951478491,1983.921,0,34912,1071,77,0.567639108668392
다바691676,0.0000000000000000000000000000000,55.615969269928534,379.605886786154201,243.080495944801527,427.379726155048388,2541.869972788617815,589.493316995730538,803.933988929226530,0.0000000000000000000000000000000,0.0000000000000000000000000000000,39.293138197126801,5217.680794012002480,4062.297,1,7147,265,44,0.595497796419517
다바758646,0.0000000000000000000000000000000,464.699453399529546,1879.888974241819142,926.192359238938707,745.652689216736462,4804.614334822103046,4572.581254571216050,8139.567247150501316,0.0000000000000000000000000000000,0.0000000000000000000000000000000,209.928414324125526,11461.579851770853566,6836.473,0,0,0,0,0.572537120911477
다바666664,0.0000000000000000000000000000000,444.584850872401148,415.018656351626362,541.972549493013730,235.315244982850345,2768.679677852547229,372.246343998846839,477.202699807099577,0.0000000000000000000000000000000,0.0000000000000000000000000000000,151.486150388825507,5618.847919616838226,5324.429,1,0,0,33,0.616167326436514
다바662603,0.0000000000000000000000000000000,1497.886867505375221,913.835500245574281,905.056753887066407,5229.171214843790949,5859.691995867146943,3685.224628707196189,5894.142726961078552,0.0000000000000000000000000000000,0.0000000000000000000000000000000,373.990964993800617,11712.113431745776325,7188.991,0,0,0,0,0.567300965985005
다바694696,0.0000000000000000000000000000000,278.437101810033369,267.175836345208268,354.255415160066150,635.209684792373764,3719.836631998204211,262.547600359695025,1275.834420922554727,0.0000000000000000000000000000000,0.0000000000000000000000000000000,28.726426040421192,3916.581765994311809,4369.743,1,16084,420,2,0.577166586419881
다바692727,0.0000000000000000000000000000000,319.020159618230537,472.959333645755237,310.978083898138266,1026.726838540270364,4503.704554066171113,601.892057354848475,2146.510964552921905,0.0000000000000000000000000000000,0.0000000000000000000000000000000,225.936288648557053,1065.967547373856405,2541.070,1,0,0,99,0.575791339705407
다바660748,0.0000000000000000000000000000000,908.977821909299678,924.505767444382286,2036.186678254701746,2119.089166868066059,3379.404862386500099,780.691794450632869,2201.481147068832797,0.0000000000000000000000000000000,0.0000000000000000000000000000000,130.868800342794884,121.233692033016041,2584.891,1,0,0,99,0.577173701788680
다바660747,219.0000000000000000000000000000000,1001.405346030233432,827.565363734559014,2005.451925579320687,2098.669301754415301,3473.287349920394718,718.538139456385352,2201.370926315770703,37.0000000000000000000000000000000,0.0000000000000000000000000000000,35.033257141170431,24.304399095884136,4423.357,1,0,0,99,0.641296558073178
다바653686,0.0000000000000000000000000000000,762.311238823598387,321.403587466681188,418.479214517513014,270.523000438734016,1064.170319913643880,401.974346742107514,2558.240416961888059,0.0000000000000000000000000000000,0.0000000000000000000000000000000,145.343122335843077,3537.575324918568640,8927.207,0,0,0,0,0.719015175070433
다바686712,0.0000000000000000000000000000000,159.909522013871225,438.605586066207877,320.779917498954148,1217.403293932568431,5257.723669460097881,532.136888713554185,574.604370382288835,0.0000000000000000000000000000000,0.0000000000000000000000000000000,251.325512522742855,2215.723952682427807,4902.863,1,0,0,1,0.571434136208733
다바689714,0.0000000000000000000000000000000,507.546427597294326,179.348353901518720,523.767572909980686,1551.026903688366701,5537.795177232419519,209.407949995723015,814.585536373046580,0.0000000000000000000000000000000,0.0000000000000000000000000000000,92.691143212358426,2183.331349344980026,4543.251,1,0,0,100,0.631541024407933
다바668656,205.0000000000000000000000000000000,152.021643918915885,779.865606931039224,355.545785428663976,643.027573760860491,3301.969779775122333,589.569356645110020,866.265868349816628,37.0000000000000000000000000000000,9.0000000000000000000000000000000,49.443489679582989,6429.960025633571604,5712.914,1,13610,413,36,0.643705334765854
다바690716,0.0000000000000000000000000000000,631.969360337183389,68.741979206111367,413.401955044569206,1771.579374379759201,5593.339327301352569,54.168956056252270,1036.407423470258664,0.0000000000000000000000000000000,0.0000000000000000000000000000000,32.451297678006405,2053.531504540614606,4602.406,1,0,0,100,0.632533091085629
다바668644,49.0000000000000000000000000000000,597.029465639464888,130.355291834850675,421.601640261610726,1297.360613840408405,3215.446167843165767,506.999748594958362,1901.622980268613219,0.0000000000000000000000000000000,0.0000000000000000000000000000000,123.788776636770208,7627.065546533916859,4702.258,1,6817,235,25,0.581556851076892
다바665691,530.0000000000000000000000000000000,310.799973679267225,331.212202787199885,22.259962323815326,1473.160921031750831,2358.573075057109691,186.077724577421236,2197.935850764008137,100.0000000000000000000000000000000,73.0000000000000000000000000000000,238.760372411735602,2917.500817529055439,4706.832,0,0,0,0,0.591058753894604
다바691731,0.0000000000000000000000000000000,413.224255025421030,850.932609207889300,686.595761109806517,634.197733440357638,4190.295730580938653,285.770211789002701,1876.954220284499115,0.0000000000000000000000000000000,0.0000000000000000000000000000000,58.129634057601265,657.496773123056983,2754.096,1,0,0,99,0.587263500106865
다바659729,0.0000000000000000000000000000000,813.866663670441199,1007.318050849751671,957.928033716444702,2587.840126065978438,5072.822441155308297,1466.906853040177566,2950.842282418777813,0.0000000000000000000000000000000,0.0000000000000000000000000000000,243.220102830865869,242.057602603503796,5125.232,0,0,0,0,0.569237086730107
다바697692,599.0000000000000000000000000000000,243.536124105565250,292.282397114582125,135.653394977317532,272.351182850526129,3222.076704576458269,320.872141036372454,1750.497264211085394,158.0000000000000000000000000000000,53.0000000000000000000000000000000,146.533020678806935,4401.195113942870194,4406.733,1,18563,1839,32,0.621078064044639
다바659667,27.0000000000000000000000000000000,80.446180417901175,62.024352487367530,411.515077222301784,836.163384114113569,2036.422949327859897,75.528877123979328,573.247351815898583,9.0000000000000000000000000000000,0.0000000000000000000000000000000,60.067109023679542,5327.661845257183813,4111.685,1,0,0,46,0.594712984382516
다바677727,0.0000000000000000000000000000000,278.480821408332645,223.344879625528932,388.252230347261161,1364.695686937803885,5292.357991961029256,597.531611728808343,2107.940957009498561,0.0000000000000000000000000000000,0.0000000000000000000000000000000,508.604669611021166,512.926461009193304,4218.461,0,0,0,20,0.564607649430978
다바701621,0.0000000000000000000000000000000,956.092678722601590,763.872965400271710,1151.242779242537381,3086.784093585236405,2667.118469005152747,1671.141335576529173,5594.882243421576277,0.0000000000000000000000000000000,0.0000000000000000000000000000000,543.420125830671054,10610.067928876167571,3825.916,0,34715,1289,61,0.583179281667982
다바669658,879.0000000000000000000000000000000,215.815991514509420,561.771043883297693,456.961420996616084,670.384753262556387,3263.136194451006759,557.196715183972856,829.992121312781023,124.0000000000000000000000000000000,66.0000000000000000000000000000000,47.114438030312719,6239.149097836801957,6174.558,1,0,0,0,0.632981435808241
다바671627,0.0000000000000000000000000000000,1015.422435202541806,953.445422256295728,873.129016055499505,2980.820166387061363,3555.759559285080286,1162.742033961521201,3615.836706011503793,0.0000000000000000000000000000000,0.0000000000000000000000000000000,321.827732779958978,9344.682412060301431,5141.644,0,8166,94,33,0.580204350628358
다바656672,398.0000000000000000000000000000000,214.755127104427970,413.324482333557967,390.923015719934426,655.990916783256466,1489.286974550801460,282.351072792342393,1155.967475895113694,33.0000000000000000000000000000000,68.0000000000000000000000000000000,118.938701457410346,4864.233046035499683,5023.781,0,0,0,0,0.601085291617840
다바657673,568.0000000000000000000000000000000,157.735970276578826,322.749594321714426,340.971173566132336,796.072722503204886,1519.684816600325803,282.577467039914097,1201.475740829682081,51.0000000000000000000000000000000,100.0000000000000000000000000000000,134.132288063269584,4751.386173520923876,4252.354,0,0,0,0,0.580562939176100
다바700691,0.0000000000000000000000000000000,394.835544682749799,606.509095723111727,421.374691289226405,377.948708106794868,2988.780352867944657,457.622605629771328,1923.629541238861520,0.0000000000000000000000000000000,0.0000000000000000000000000000000,286.439764111401075,4697.285216196724832,4457.699,0,8305,103,5,0.573877771488478
다바667780,0.0000000000000000000000000000000,755.633538985093764,1820.647771365879635,672.727646544386516,1883.403301485562451,481.041781762832613,3932.127259702643642,1729.879588386801970,0.0000000000000000000000000000000,0.0000000000000000000000000000000,440.551537331795942,752.071737018240924,3438.259,0,0,0,34,0.570445508570483
다바666667,0.0000000000000000000000000000000,322.914636274880252,231.346240409139256,242.183495362529925,324.983549612081333,2600.018396656837922,387.882726889360072,664.292153798861023,0.0000000000000000000000000000000,0.0000000000000000000000000000000,29.967836703161407,5319.258991044966024,4537.619,1,0,0,3,0.570586139351600
다바671653,0.0000000000000000000000000000000,165.935153405276225,643.141196130859612,220.938146297084216,966.622286071464828,2943.676585721351330,820.147972082800948,1290.404087215129493,0.0000000000000000000000000000000,0.0000000000000000000000000000000,218.849680265358273,6757.438843417766293,4062.193,1,26097,371,96,0.644585506476530
다바647687,370.0000000000000000000000000000000,236.480023112380877,237.349958930528317,190.698924388854181,373.176992716996608,714.735954474923346,66.912147583532814,2905.031091437311261,13.0000000000000000000000000000000,100.0000000000000000000000000000000,80.321547094957197,3602.386607523723342,3837.890,1,0,0,0,0.569295879818481
다바680766,0.0000000000000000000000000000000,740.473583998705749,349.832383247952293,745.736743192592712,2281.524296666716964,1593.911840165989815,2337.258157902891526,1863.283964328725233,0.0000000000000000000000000000000,0.0000000000000000000000000000000,203.140058502842777,750.338670894381721,2445.586,1,0,0,93,0.578898985508917
다바686679,45.0000000000000000000000000000000,321.241637235890380,241.217745855867832,604.116904310306381,259.613015726128140,3123.926036945228134,377.540274898470216,220.843563873031940,14.0000000000000017763568394002505,0.0000000000000000000000000000000,29.148027695628986,4704.376724856578221,4789.318,1,6342,425,17,0.596414337313457
다바665666,594.0000000000000000000000000000000,322.914636274880252,232.938503304839770,352.557597177510331,352.172940792094721,2570.725464477898640,505.435724019434417,523.450967258458945,143.0000000000000000000000000000000,42.0000000000000000000000000000000,169.623306621948075,5414.758422130270446,4192.510,0,0,0,0,0.571387308348939
다바736751,0.0000000000000000000000000000000,280.120111913789458,1488.745609120993549,194.119413229408906,835.303582007141813,3029.401766112637233,1093.614242623172913,5410.633192440755920,0.0000000000000000000000000000000,0.0000000000000000000000000000000,213.740599189075425,4133.227731635138298,5550.018,0,0,0,0,0.587197823809420
다바689651,300.0000000000000000000000000000000,299.496114305434844,216.681635809298541,286.046806019324379,175.146367011767296,1144.760595487512774,174.348293738865067,2402.714798253093250,17.0000000000000000000000000000000,61.0000000000000000000000000000000,70.695039833078013,7379.536022705346113,5983.644,1,5769,237,63,0.676315028748204
다바679770,0.0000000000000000000000000000000,1106.651652324731231,726.362168596635911,333.598442135130767,2685.634020948952184,1205.463351101263470,2738.315221226409449,2272.430337099895496,0.0000000000000000000000000000000,0.0000000000000000000000000000000,326.470067535517273,1122.008138080882873,2508.269,0,0,0,98,0.582555743749028
다바685790,0.0000000000000000000000000000000,1295.975190380790536,1525.713909525179133,491.004048283240081,1767.334656540401511,1676.400148676807476,4765.697069604225362,1918.283321037733458,0.0000000000000000000000000000000,0.0000000000000000000000000000000,412.612428689921330,2583.928489758311571,7513.161,0,0,0,0,0.656642627434625
다바661657,167.0000000000000000000000000000000,297.965261208316747,481.914511581404213,180.880787111613557,181.497705448295989,2917.518964707121540,406.779542621194537,498.931089161206444,57.0000000000000000000000000000000,0.0000000000000000000000000000000,111.685802735431878,6315.183175874809422,4455.615,0,6019,109,39,0.601814595628617
다바689656,13.0000000000000000000000000000000,117.572954286153404,302.257951948731034,78.007081428817628,562.393356700679192,1376.749604836982371,350.209881496785613,2016.243057029738566,0.0000000000000000000000000000000,0.0000000000000000000000000000000,53.280131431252713,6913.464569986327660,3517.787,1,6365,351,31,0.566862495150452
다바642664,568.0000000000000000000000000000000,170.533508307972994,557.169192451161507,856.650211138924192,184.327632103084426,1669.270862389592821,120.794442288334139,1980.257558114505173,26.0000000000000000000000000000000,105.0000000000000000000000000000000,125.200794712944969,5941.707169989647809,3435.927,0,0,0,38,0.576970981964574
다바652714,0.0000000000000000000000000000000,540.926692289306516,384.304682035049893,516.324559880862580,2659.702840688039942,3439.172540464136546,48.946114084768119,3528.733390956278981,0.0000000000000000000000000000000,0.0000000000000000000000000000000,132.892225019826014,1014.699762167622566,5813.938,0,0,0,40,0.635035180821285
다바660657,204.0000000000000000000000000000000,297.965261208316747,393.022587931861437,234.126850959679132,234.780105181876507,2859.828694459441977,390.458559107058250,522.337340762834287,41.0000000000000000000000000000000,0.0000000000000000000000000000000,73.042695337052876,6319.360663158917305,6206.522,1,12301,442,45,0.670623335769956
다바678774,369.0000000000000000000000000000000,1446.165237607944391,1128.193823581689912,80.327772547713963,2604.955728514303701,840.076679521127517,3142.286556779451530,2565.363180482970165,76.0000000000000000000000000000000,35.0000000000000000000000000000000,15.625946910962710,1098.506801386085499,4050.040,1,0,0,0,0.566044439481590
다바643667,0.0000000000000000000000000000000,167.068220820693369,254.331184232581307,613.199576824908490,100.882924395725922,1361.715999830845931,133.478996782480152,1936.769882960173845,0.0000000000000000000000000000000,0.0000000000000000000000000000000,95.844884696563909,5625.557453683290078,5239.721,1,0,0,15,0.607438415256040
다바678773,430.0000000000000000000000000000000,1375.547191039857580,1037.930471024856161,42.649081870439218,2699.795116565528588,910.536445547768494,3042.454846842088045,2583.711836979536201,71.0000000000000000000000000000000,31.0000000000000000000000000000000,85.179978223424442,1072.637223489128019,5414.708,0,0,0,0,0.611411527838803
다바659655,0.0000000000000000000000000000000,137.763917871552792,373.805053358141265,255.084961714745788,262.510943486222402,2974.724257968785878,208.276130679160531,744.557540275941847,0.0000000000000000000000000000000,0.0000000000000000000000000000000,157.527926105565797,6524.701039686661716,4107.611,1,12301,442,45,0.597060356299714
다바694653,0.0000000000000000000000000000000,245.151261882790834,81.478722636250083,117.229966719340013,60.138819780103255,799.877215840345457,67.049195200394706,2583.171243565320310,0.0000000000000000000000000000000,0.0000000000000000000000000000000,46.948196272598032,7387.085004200618641,5900.439,1,4936,288,54,0.661549930955107
다바653704,11.0000000000000000000000000000000,674.692952643825379,791.661214092153955,730.246091908530730,1672.357942877203186,2513.863460132025921,791.999933792910724,3350.727021769789644,0.0000000000000000000000000000000,0.0000000000000000000000000000000,111.513261921204460,1800.134551776206081,4888.841,1,0,0,12,0.587581894964674
다바696655,423.0000000000000000000000000000000,321.109898045621605,197.356607704358936,138.843318677868382,342.384014960254547,834.221369314776439,283.707939497721441,2608.983560987776400,44.0000000000000000000000000000000,42.0000000000000000000000000000000,165.001324271062884,7293.753474504720543,3066.395,1,4741,135,45,0.572046948829537
다바666672,844.0000000000000000000000000000000,189.579933804343170,275.798438559940507,258.554663071670063,767.690939884241629,2377.171253883035206,120.632318660406682,918.221126677092911,442.0000000000000000000000000000000,8.0000000000000000000000000000000,166.357057142256792,4820.057744868116060,4653.939,0,0,0,0,0.595508273449011
다바662658,214.0000000000000000000000000000000,163.769854600626189,547.906336221714128,273.338252192536345,273.781167905101313,2898.858940801466815,484.775268386891923,395.240916665394252,34.0000000000000000000000000000000,18.0000000000000000000000000000000,170.173681309158468,6212.603801034978460,3675.353,0,4555,75,44,0.580748174154409
다바657702,600.0000000000000000000000000000000,345.810921303897601,432.390596348041413,533.914940901654745,1586.709638550444879,2513.236456114284465,488.955031266079629,2973.844730090367193,63.0000000000000000000000000000000,98.0000000000000000000000000000000,26.835984350566044,1893.570865779923679,3070.719,1,0,0,72,0.593488802821513
다바655687,0.0000000000000000000000000000000,723.755773872853297,478.582994997027583,579.323023711944302,431.552930328408934,1287.331141080689122,528.652094294383005,2593.345208980751067,0.0000000000000000000000000000000,0.0000000000000000000000000000000,68.542752872818198,3406.840599389285217,7041.436,1,0,0,0,0.656178613658214
다바689704,6.0000000000000000000000000000000,498.243981385422501,587.336520330002941,256.280199116587255,958.462814856855516,4663.230869042405175,375.588643095352495,342.881167333214250,0.0000000000000000000000000000000,0.0000000000000000000000000000000,39.987803984081154,3047.133190548143830,5840.633,1,0,0,34,0.628694862044076
다바652715,0.0000000000000000000000000000000,452.400184118776849,457.478522441504197,495.386674717695314,2759.588777830359504,3536.393256490193380,51.054675123669206,3551.979385436440680,0.0000000000000000000000000000000,0.0000000000000000000000000000000,91.592671334540867,950.997317358067562,4292.548,1,0,0,31,0.578855146017274
다바654690,0.0000000000000000000000000000000,649.043341494337255,331.238119557738457,515.984216446107666,417.491185047064619,1385.075168871459482,424.278539139482120,2865.691317920262009,0.0000000000000000000000000000000,0.0000000000000000000000000000000,175.510587313752808,3126.056947743782075,7976.013,0,0,0,0,0.686662792137656
다바693659,522.0000000000000000000000000000000,255.812129383906722,271.386479345161490,177.064900607738082,637.510541876044840,1330.672915833583374,506.374901295316022,2134.207025620684362,124.0000000000000000000000000000000,38.0000000000000000000000000000000,38.435224339792406,6802.053663826404772,5335.088,1,6208,363,48,0.649711405557048
다바695662,0.0000000000000000000000000000000,43.452169217867777,319.734446975435731,394.301527316995930,778.823640594443305,1517.828933780596117,267.529764514467502,2116.441950268928395,0.0000000000000000000000000000000,0.0000000000000000000000000000000,147.654007609434728,6627.626801740448172,3367.750,1,6208,363,48,0.573471530270666
다바692755,0.0000000000000000000000000000000,581.764980757700187,998.136669215695861,361.700537655411381,1638.503451727067613,2162.976343316998737,1738.008490057020254,1250.772816537269591,0.0000000000000000000000000000000,0.0000000000000000000000000000000,70.789168798930490,69.791429103572511,4785.189,1,0,0,19,0.602217774162415
다바692667,122.0000000000000000000000000000000,469.553154402469545,264.413189865828372,201.969803423416494,213.643409027962605,2091.784481924642023,319.795203338650140,1533.346781380178754,49.0000000000000000000000000000000,0.0000000000000000000000000000000,53.588208401690999,6045.016080365950984,4905.653,1,5288,178,28,0.609186859677199
다바691658,137.0000000000000000000000000000000,162.723934046792266,180.745233155675066,299.833153943702257,591.520433896258055,1368.050147845357742,444.862627799789209,2029.595430853715698,44.0000000000000000000000000000000,14.0000000000000017763568394002505,56.773663306043787,6807.775499237638542,5266.551,1,6208,363,48,0.638324735103584
다바662727,0.0000000000000000000000000000000,458.884580927784555,719.602917684818976,614.742617619921702,2469.078000711164350,4983.681245813349960,1513.591336825253620,2862.863167648748458,0.0000000000000000000000000000000,0.0000000000000000000000000000000,233.671372864820370,236.079542873022973,5666.843,0,0,0,0,0.590220988461452
다바660808,13.0000000000000000000000000000000,207.345087223594334,864.853981562249487,1274.595517374738392,1339.089355960743205,3069.121983921501396,2233.938616065807764,1293.262903556099218,8.0000000000000000000000000000000,0.0000000000000000000000000000000,159.865216367288014,3537.470811046910967,2573.097,1,0,0,92,0.567835151423577
다바690755,208.0000000000000000000000000000000,283.390729866210165,939.943487158607354,170.902492683859322,1506.731245321285996,2297.468143037006939,1603.869115916860210,1097.622596211527934,28.0000000000000035527136788005009,16.0000000000000000000000000000000,75.986704976624949,73.075144824580931,4000.457,1,0,0,19,0.584114472958380
다바661805,0.0000000000000000000000000000000,271.832262701878449,764.752425950602401,982.318469599078298,1068.007125989450287,2753.829156713934026,2543.416856888608436,992.550640087090869,0.0000000000000000000000000000000,0.0000000000000000000000000000000,77.663519585162788,3227.786681075235720,3458.404,1,0,0,96,0.603534811437730
다바700671,38.0000000000000000000000000000000,467.544254139186762,217.233969015602923,594.906956078003418,1023.623217274605622,1513.242024169338038,254.186441425998765,1833.213516421669055,17.0000000000000000000000000000000,0.0000000000000000000000000000000,306.536236249966464,6140.906008244932309,3554.349,0,22427,401,100,0.637684902863221
다바700675,19.9999999999999964472863211994991,582.100005962848854,359.613071785638965,685.717891368312848,1199.376738176092886,1725.828131219206853,646.164794371414928,1669.912440763960376,11.0000000000000000000000000000000,0.0000000000000000000000000000000,318.315958890888282,5825.931596074487061,3373.102,0,22427,401,100,0.629245721877933
다바677689,108.0000000000000000000000000000000,316.849961035027377,302.108225992094390,650.113789804303565,909.380127147134885,3421.416215650502636,192.559232662240390,1135.486523589175931,15.0000000000000000000000000000000,7.0000000000000008881784197001252,49.846832992123879,3406.327507085266461,3682.993,1,0,0,36,0.568856150406900
다바700679,11.0000000000000000000000000000000,359.640472635314268,729.007904966698106,365.679760834007880,1084.201459482185328,1996.763394421843941,461.284927746979065,1592.652919767955609,6.0000000000000000000000000000000,0.0000000000000000000000000000000,241.206150718706482,5521.977120758409910,4958.439,1,24261,420,99,0.683309728268437
다바700673,32.0000000000000000000000000000000,467.609159896823996,219.672664086106835,721.372084255549225,1096.884007318353270,1610.649583587270399,448.408122411863644,1742.021721536408904,8.0000000000000000000000000000000,0.0000000000000000000000000000000,320.944995548317763,5982.148676029279159,3547.942,0,22427,401,100,0.636399226857509
다바717751,0.0000000000000000000000000000000,593.516784378610737,976.361271775030559,815.619485679824265,947.929456313217315,1798.080958716233226,2404.129769223614403,3516.846233748992290,0.0000000000000000000000000000000,0.0000000000000000000000000000000,340.449315939753660,2248.827655356060859,8526.618,0,0,0,0,0.695883290735626
다바669660,45.0000000000000000000000000000000,190.800294309155987,367.959018656515241,602.004079511208829,472.133186793357595,3251.584136386901719,382.599291991345751,755.818334018380597,0.0000000000000000000000000000000,0.0000000000000000000000000000000,39.241984466417243,6040.062718636118916,4441.768,1,17848,488,6,0.582534046254432
다바677704,0.0000000000000000000000000000000,158.902935052412232,78.160252885487012,1093.438611591472636,365.818335674616549,4059.388062592408914,435.093930673155398,969.966763046001915,0.0000000000000000000000000000000,0.0000000000000000000000000000000,116.477930278023877,2125.650120710586634,4492.406,1,0,0,31,0.589161122699320
다바678676,51.0000000000000000000000000000000,254.303998557501473,426.946120148467514,529.611670061098266,440.087164304382100,3447.199174608324938,597.996791904631891,616.232962250572541,13.0000000000000000000000000000000,0.0000000000000000000000000000000,26.184102178361908,4655.141380148040298,3313.404,1,0,0,57,0.569358528838699
다바679679,13.0000000000000000000000000000000,399.884841555031016,391.921229829915546,639.889371478393400,124.101976766793712,3520.083436737365446,354.561651540825892,524.295868888470295,0.0000000000000000000000000000000,0.0000000000000000000000000000000,36.698005701461661,4406.883807518503090,3436.466,1,0,0,57,0.573497865628591
다바645714,54.0000000000000000000000000000000,613.856631417888821,44.690405309637733,58.961935403368763,2717.151899499733645,3342.877582065746083,30.528881671271186,4214.522396022596695,0.0000000000000000000000000000000,0.0000000000000000000000000000000,58.296777903163985,1605.899656799818558,3686.759,1,0,0,40,0.565705780094693
다바672699,0.0000000000000000000000000000000,361.806744788998287,386.840211592948037,825.023390626051764,814.429051638850410,3364.713984356370474,338.493902971436228,1615.819549086978668,0.0000000000000000000000000000000,0.0000000000000000000000000000000,135.256284162449759,2289.945679872531855,4232.348,1,0,0,32,0.583024295104753
다바685711,514.0000000000000000000000000000000,46.852725619443184,398.040323845705871,352.803066997032488,1080.724342820772108,5117.830784146938640,665.886794168440247,494.143340764568165,53.0000000000000000000000000000000,73.0000000000000000000000000000000,137.740787258777715,2269.382952579967423,6057.658,0,0,0,0,0.621889209407213
다바673698,150.0000000000000000000000000000000,404.157506507648634,305.207482278827797,764.097173193807521,761.573146431435134,3396.531678466825269,428.783597023926916,1577.234585031925462,34.0000000000000000000000000000000,0.0000000000000000000000000000000,51.941151147051386,2421.442231507644919,5134.536,1,0,0,40,0.621222622313333
다바650693,324.0000000000000000000000000000000,344.578645610455510,116.342068368971255,124.700943093639808,561.020074142465319,1385.552141471459436,331.138734492228764,3318.827615670591513,11.0000000000000000000000000000000,91.0000000000000000000000000000000,69.077841864348855,2936.304839689566506,3946.379,1,0,0,0,0.566888901272318
다바689725,0.0000000000000000000000000000000,68.597736710915342,292.997462706778606,198.245981563007973,1121.933491586605214,4814.640422487330397,538.713646288003588,1890.536936253872454,0.0000000000000000000000000000000,0.0000000000000000000000000000000,332.737655418429370,1202.487008928691694,6107.251,0,0,0,0,0.613600443072131
다바700668,23.0000000000000000000000000000000,581.734938830420788,387.799852496427548,480.030158838271120,982.231866258106038,1408.355579253875021,99.609744225313747,1999.929992404919403,9.0000000000000000000000000000000,0.0000000000000000000000000000000,62.962297354588657,6383.389564492242243,4896.702,1,22427,401,100,0.680262751454321
다바647715,0.0000000000000000000000000000000,395.948311453700967,34.899316649331922,56.453998353796145,2781.361120542183926,3455.371691394245772,217.006232699837341,4038.512832583466206,0.0000000000000000000000000000000,0.0000000000000000000000000000000,19.368449107147313,1382.402762542162463,4154.449,1,0,0,40,0.580174749093757
다바667659,283.0000000000000000000000000000000,0.000000000000000,548.007169811167500,654.461342097842021,580.068707843645257,3166.707501331935873,547.850968137623795,606.532991177733379,36.0000000000000000000000000000000,17.0000000000000000000000000000000,68.126469113499255,6123.743205548709739,3632.824,0,4302,157,49,0.581256749299314
다바657706,0.0000000000000000000000000000000,683.930562407675666,357.577357589012081,290.266931584588747,1960.329453158778051,2861.649085791087600,398.160461250787193,2943.152275902284600,0.0000000000000000000000000000000,0.0000000000000000000000000000000,110.877700901994885,1498.242899147990556,6996.146,1,0,0,47,0.683174649205889
다바660694,211.0000000000000000000000000000000,238.895670159335197,404.622646283544384,452.499104568603457,1137.882078811866222,2100.212302583735891,137.942401267117447,2780.896262937937536,26.0000000000000000000000000000000,29.0000000000000000000000000000000,176.766288691292630,2630.357109111478167,5624.744,1,0,0,9,0.621027758121814
다바657705,0.0000000000000000000000000000000,624.603047388533469,380.752364719511661,323.198792863082303,1865.899392507153834,2773.241062140505164,385.574986646803836,2945.767660395701114,0.0000000000000000000000000000000,0.0000000000000000000000000000000,10.942016991956256,1596.856754555074303,4480.519,1,0,0,47,0.602984548184193
다바673703,81.0000000000000000000000000000000,60.239814470289275,174.015222041671620,1018.967082411439947,688.120920780914389,3677.944391934510804,73.816711048122059,1382.266250329153536,6.0000000000000000000000000000000,0.0000000000000000000000000000000,43.049493144377813,1975.303250283137231,3793.019,1,0,0,61,0.594554082621674
다바660701,0.0000000000000000000000000000000,225.144381060032174,201.891587977940588,551.197094583650937,1644.370024971206476,2603.474260712301657,409.717841315971611,2695.057932947837799,0.0000000000000000000000000000000,0.0000000000000000000000000000000,249.010290081694023,1937.161622457934072,4126.560,1,0,0,59,0.603071700635904
다바655690,88.0000000000000000000000000000000,649.043341494337255,429.221493805206933,608.807308712281383,500.170968334547865,1460.044510005232496,520.057097625843880,2792.983704017828131,0.0000000000000000000000000000000,19.9999999999999964472863211994991,272.395743157710399,3109.807669371978591,5417.500,0,0,0,0,0.605564904244030
다바724768,0.0000000000000000000000000000000,1859.944871907256584,1072.798353105112255,889.646843184240652,2604.227034234851544,1314.296637437573054,1562.428018472100348,4673.891071720065156,0.0000000000000000000000000000000,0.0000000000000000000000000000000,309.569244685022682,2912.057089820601959,6264.808,0,0,0,0,0.613208781502487
다바661692,182.0000000000000000000000000000000,176.927493181127147,373.760033968664516,413.395615338875245,1126.066467544201259,2061.031164432662081,203.392306649019019,2563.018627332453434,17.0000000000000000000000000000000,28.0000000000000035527136788005009,29.228191060232469,2819.684680102557650,5984.495,1,0,0,65,0.675404448661401
다바661695,46.0000000000000000000000000000000,288.001525513762715,315.360541175463652,361.974040870323279,1277.481410908651242,2241.061794142000963,199.361064417791738,2747.374369503244452,0.0000000000000000000000000000000,0.0000000000000000000000000000000,55.338742236436453,2520.651892910900187,3382.704,1,0,0,65,0.586997657353002
다바715729,0.0000000000000000000000000000000,1280.301366428844631,1241.773726558148837,1236.582900850052965,1545.303443926802174,3911.902161901216459,2222.455375921800169,3650.859536745842888,0.0000000000000000000000000000000,0.0000000000000000000000000000000,170.635432687814074,2763.087026771320780,8335.001,0,0,0,0,0.667862796319732
다바656687,0.0000000000000000000000000000000,597.629937991531392,568.818144925556680,678.249064372917132,531.140320111129881,1374.961168385574865,624.435859651350142,2516.746036899432056,0.0000000000000000000000000000000,0.0000000000000000000000000000000,33.123099896394251,3387.637004800691557,5136.960,1,0,0,0,0.594358402991886
다바695684,39.0000000000000000000000000000000,190.499487825235150,252.402185342049989,244.068000426452841,554.553414753983020,2703.546862260886883,343.168338463041664,1154.544596586659054,11.0000000000000000000000000000000,0.0000000000000000000000000000000,123.054551411459173,4816.074646781348747,4006.901,1,8067,706,30,0.584019100545051
다바657687,0.0000000000000000000000000000000,597.629937991531392,661.865908544002764,777.449947483904111,630.858262702859747,1464.177230508773391,721.364851399902932,2441.839850513251804,0.0000000000000000000000000000000,0.0000000000000000000000000000000,110.142972509859646,3367.982159998317911,5683.554,1,0,0,19,0.625418894939017
다바668658,0.0000000000000000000000000000000,215.815991514509420,589.913127959408939,538.900646632032249,666.763979566202465,3308.045290696198663,600.850433965430625,743.499150816523752,0.0000000000000000000000000000000,0.0000000000000000000000000000000,57.848192143118283,6230.550706901103695,5320.248,1,5163,134,43,0.622193887365216
다바683697,0.0000000000000000000000000000000,436.490785465590136,316.953858699306068,984.090620940665417,561.527888121578940,4246.319043487318595,276.630505760760627,988.440204237666421,0.0000000000000000000000000000000,0.0000000000000000000000000000000,157.092723019458134,3047.603636997101148,4837.453,1,0,0,3,0.573146872167636
다바667792,8.0000000000000000000000000000000,488.267896354438960,696.847628694364630,546.722888516471812,714.154121396500955,1323.339601710500801,3932.845343424246494,530.319105621833387,0.0000000000000000000000000000000,0.0000000000000000000000000000000,120.111197044845838,1925.339874244598377,2214.080,1,0,0,99,0.579183014246885
다바674709,730.0000000000000000000000000000000,103.285528834909201,439.527061046611493,604.505551201263415,938.686753278082961,4143.620241616653402,351.263856289198770,1272.652182891171833,50.0000000000000000000000000000000,107.0000000000000000000000000000000,112.026456028924159,1554.081987673604090,5807.720,0,0,0,0,0.626575972034234
다바654693,8.0000000000000000000000000000000,640.864390249772896,449.221088160409749,467.679858092461870,646.708555287221429,1604.039191486483560,477.657240746375294,3076.931154180948397,0.0000000000000000000000000000000,0.0000000000000000000000000000000,117.733582114366627,2831.355313515914531,3969.942,0,0,0,34,0.582644208322734
다바657694,0.0000000000000000000000000000000,400.312513487961496,468.068269831508246,752.379831755319856,909.482985746882036,1879.095918948186636,222.348567247898274,2958.320230154486580,0.0000000000000000000000000000000,0.0000000000000000000000000000000,211.953513653553131,2682.744948767492588,3695.149,1,0,0,51,0.585829215733185
다바696650,63.0000000000000000000000000000000,552.386794634030025,38.718124097958416,136.834788371379545,363.032326181646908,459.306694468476735,326.873853910852688,2935.063467495760051,8.0000000000000000000000000000000,0.0000000000000000000000000000000,224.595711352823656,7743.410056092812738,4593.689,0,5236,89,11,0.585630629261457
다바664791,0.0000000000000000000000000000000,653.945760105661407,966.528803450759028,742.449009634429558,947.930690753743647,1375.685209951007892,3972.034016535167666,709.031530535498064,0.0000000000000000000000000000000,0.0000000000000000000000000000000,208.339408744423565,1809.542528198035825,2466.647,1,0,0,88,0.576229458436807
다바654735,0.0000000000000000000000000000000,1573.881697662766328,555.947951235515461,1441.224752738794450,2787.030064945363392,4808.301895463463552,784.210139451550390,3066.143946808638248,0.0000000000000000000000000000000,0.0000000000000000000000000000000,340.560908681725891,348.688877741450824,3612.431,0,0,0,98,0.593724286398752
다바654694,0.0000000000000000000000000000000,572.270952170721898,435.465273919217793,454.137468398876536,734.535892550468020,1682.590630335073683,415.627542306226871,3150.546755759156440,0.0000000000000000000000000000000,0.0000000000000000000000000000000,64.849224961431887,2733.377617830001782,4528.653,1,0,0,41,0.605682225754119
다바695652,112.0000000000000142108547152020037,409.416224925150516,108.901177570451821,99.447520282341259,162.012370309940621,658.695199121579208,208.216062139241217,2724.500941866810990,6.0000000000000000000000000000000,8.0000000000000000000000000000000,173.304356625673478,7519.877400798999588,4867.974,0,5296,80,19,0.603407083494163
다바655694,9.0000000000000000000000000000000,572.270952170721898,535.440035936287131,554.106823020594220,784.483961223956044,1744.823193639830606,411.962059196106395,3084.560925242055873,7.0000000000000008881784197001252,0.0000000000000000000000000000000,30.771244692570615,2714.778978407196519,3966.914,1,0,0,51,0.594940663777318
다바669712,428.0000000000000000000000000000000,171.009674989152700,182.141917266546386,111.151363014520172,1496.740203582036202,4024.625879789944520,111.151363014520172,1834.793327146268666,26.0000000000000000000000000000000,73.0000000000000000000000000000000,14.943276508215307,1001.068591846794675,4500.899,1,0,0,25,0.597884614477349
다바668712,174.0000000000000000000000000000000,171.009674989152700,244.541919523419637,20.194217022611973,1569.977360013989710,3962.867235285944389,20.194217022611973,1930.044616638603429,0.0000000000000000000000000000000,22.0000000000000000000000000000000,94.887967717730149,946.001570722899146,4344.131,1,0,0,25,0.587235997744730
다바667653,0.0000000000000000000000000000000,294.509146534325623,887.597492706744220,189.358425962879039,585.730114263293672,3337.807438854519205,420.426185198527435,1039.595580788952020,0.0000000000000000000000000000000,0.0000000000000000000000000000000,73.887259291630173,6722.655896849362762,2439.086,1,30261,422,100,0.599687481121472
다바741638,197.0000000000000000000000000000000,619.992741597751092,1898.568111966815195,650.855811859342566,2601.435226593806874,3803.397306563485472,2702.542134698955124,7079.958906732193100,33.0000000000000000000000000000000,12.0000000000000000000000000000000,106.560238721645717,11214.677348756898937,6647.107,0,0,0,0,0.581581149143207
다바689648,26.0000000000000000000000000000000,16.997769984183833,198.661969604054093,217.418931051149997,247.071504380177373,1095.216521477925653,420.903781703347249,2652.870106842524820,0.0000000000000000000000000000000,0.0000000000000000000000000000000,98.712586466493249,7661.232775498706360,3599.868,1,8652,215,96,0.620801616267424
다바665654,342.0000000000000000000000000000000,234.424097489755354,976.107688224955496,363.383232813792688,362.815820617053191,3398.616688612276448,233.317003668077490,860.089715984115401,72.0000000000000000000000000000000,19.0000000000000000000000000000000,104.399129334135552,6614.178081206290699,6877.993,1,26964,438,100,0.748506824093297
다바676699,33.0000000000000000000000000000000,324.387611405458301,13.882383333921636,982.931913841946312,452.663212998969925,3706.006906039408022,457.123563452103042,1271.396924532590447,0.0000000000000000000000000000000,0.0000000000000000000000000000000,30.663085491683141,2472.393300398340216,4299.718,1,0,0,25,0.578904845292663
다바654674,0.0000000000000000000000000000000,34.516431385027680,383.330770746820008,646.231693635961847,673.941891842953396,1211.495439511014638,188.478126556424456,1430.539537926705862,0.0000000000000000000000000000000,0.0000000000000000000000000000000,56.586287429109298,4701.244579749079094,3902.749,1,0,0,24,0.575706638571508
다바660674,699.0000000000000000000000000000000,44.352763025090098,179.921801199832771,296.872890403219571,1099.368171904825658,1745.709508076496604,123.441480720078403,1217.792664877705647,57.0000000000000000000000000000000,94.0000000000000000000000000000000,71.987871003393494,4622.230708354103626,2974.226,1,0,0,60,0.587980035770506
다바660673,0.0000000000000000000000000000000,59.780155510547083,80.491441130602823,197.253120400575881,1049.255989462016032,1785.870147889233976,28.668778838365391,1118.852876088464427,0.0000000000000000000000000000000,0.0000000000000000000000000000000,77.511997332873250,4722.004725880905426,4612.090,1,0,0,60,0.623602630578547
다바661735,0.0000000000000000000000000000000,1098.381582659000060,509.553454893679259,1203.285667226377882,2127.939704934949987,4595.423855103493224,1041.771007033604292,2443.366359065253164,0.0000000000000000000000000000000,0.0000000000000000000000000000000,42.457361065440011,38.891531333137387,5673.121,1,0,0,19,0.607111629641352
다바687683,46.0000000000000000000000000000000,259.457766085436219,346.466378030888677,517.116431250826508,534.158375916084879,3247.340482790666556,278.372096639025017,405.469607930931772,23.0000000000000000000000000000000,0.0000000000000000000000000000000,111.731605631369632,4412.383945576875703,3567.619,1,6388,885,47,0.580047530792007
다바663791,0.0000000000000000000000000000000,653.945760105661407,1040.088396858007854,835.445842455440015,1010.144370023789861,1434.743147147596574,3957.542165501537056,760.203351086410294,0.0000000000000000000000000000000,0.0000000000000000000000000000000,168.346745421400897,1814.994933438079897,2816.987,1,0,0,62,0.566530077551663
다바669703,127.0000000000000000000000000000000,121.634913703559207,89.718388005057719,889.104402555045908,1082.543808521013261,3369.582757415827473,388.670910817428080,1773.438090912602320,8.0000000000000000000000000000000,9.0000000000000000000000000000000,243.337754083362910,1809.128385574500953,3580.513,0,0,0,68,0.594181535354092
다바690685,38.0000000000000000000000000000000,0.000000000000000,184.825559664709971,286.471147179673778,355.240886094333746,3134.116447227649587,309.318663727768808,762.540074450098700,8.0000000000000000000000000000000,0.0000000000000000000000000000000,24.328648765694048,4421.104649804222390,2772.430,1,5364,196,60,0.565187371595656
다바641675,0.0000000000000000000000000000000,682.169703574519076,397.841371419258792,110.594239716371689,617.380429813321371,626.923424658263684,553.204258756221066,2447.117373886444511,0.0000000000000000000000000000000,0.0000000000000000000000000000000,593.748571363345945,4938.400103984092311,6176.347,0,0,0,0,0.628849741665131
다바690684,0.0000000000000000000000000000000,12.653996326960623,161.713879447994344,258.614651905616483,454.409903573021381,3069.289913984014674,210.731649795415223,703.195153841076603,0.0000000000000000000000000000000,0.0000000000000000000000000000000,34.150098218030102,4500.941927475895682,3064.065,1,5364,196,60,0.573950330521366
다바700649,117.0000000000000000000000000000000,495.967507391621780,95.840938350979982,86.359319199341286,744.028492812561353,135.068321036179810,295.213062666263397,3297.035485219308157,0.0000000000000000000000000000000,7.0000000000000008881784197001252,34.852245753595973,8010.092922174931118,3890.380,1,10929,404,100,0.638954778078229
다바687689,454.0000000000000000000000000000000,265.965761893549086,348.694648120403826,615.159825080074370,355.015486478218520,3624.650629145423864,636.559721273447508,930.757351567197134,35.0000000000000000000000000000000,60.0000000000000000000000000000000,91.747124648356206,3921.130018661079703,6172.033,1,0,0,13,0.637741010772414
다바651677,212.0000000000000000000000000000000,0.000000000000000,248.213502814805622,330.109901612940178,420.771982411140812,801.460829385907800,222.285482109114298,1847.083435023416314,17.0000000000000000000000000000000,26.0000000000000000000000000000000,90.620867389783072,4459.156104810034776,2638.460,1,0,0,72,0.581474096567702
다바690688,46.0000000000000000000000000000000,71.389893017476425,85.524956424598585,497.612558246839001,72.933306634362538,3339.030082356171988,606.026665567010355,981.029656744749900,7.0000000000000008881784197001252,0.0000000000000000000000000000000,12.824611738936577,4186.792399265905260,2822.274,1,5364,196,60,0.564944373529543
다바649677,0.0000000000000000000000000000000,118.607053510611877,143.037695381244873,152.156797545114273,492.284181751818778,629.083432857450930,24.599235666993536,1969.651072546887917,0.0000000000000000000000000000000,0.0000000000000000000000000000000,36.488724958986957,4501.858479247141076,6339.743,1,0,0,72,0.696274602183211
다바690689,520.0000000000000000000000000000000,171.389893017476425,55.586024334825659,419.352572467622963,70.901296916677026,3410.464370078997035,507.537318646886604,1062.733799297598580,13.0000000000000000000000000000000,0.0000000000000000000000000000000,86.891852536324919,4110.586172866448578,3180.158,1,14925,1511,50,0.590584421345249
다바659692,260.0000000000000000000000000000000,176.927493181127147,549.000423370608360,593.107002020650839,946.721433887520107,1897.697543134422631,295.732520633889692,2678.044436046939154,57.0000000000000000000000000000000,19.9999999999999964472863211994991,92.235561282741813,2841.862591270239591,5816.867,1,0,0,79,0.683201711058081
다바681712,498.0000000000000000000000000000000,66.759593276881802,150.241567480333657,360.601850445873652,1051.217936379690855,4865.919691645185594,831.760825031731883,789.429241185252067,36.0000000000000000000000000000000,59.0000000000000000000000000000000,63.806336097670098,1961.828374462277452,6223.984,1,0,0,4,0.631511987890657
